"DocCount","DocUuid","DocDoi","DocArticleUuid","BibYear","BibSource","BibVolume","BibIssue","BibFirstPage","BibLastPage","CitTreatCitCount","CitFigCitCount","CitTabCitCount"
"1","03D8B2799A3FFFD4FC7AFE101A175403","http://doi.org/10.5281/zenodo.4734662","FFE1CA019A3EFFD6FFC6FC1B1F675359","2021","Species Diversity","26","1","2","3","1","16","2"
"1","777CE11D4B64FF89FDE09FB5874AFBF3","http://doi.org/10.5281/zenodo.4562840","8B4599654B67FF93FD779E6E8413FFE2","2021","Zootaxa","4903","1","4","27","2","70","20"
"1","153987C4E22DB657D9D254001679FC47","http://doi.org/10.5281/zenodo.4741193","E900FFBCE22BB647D9455063133DFFC6","2021","Zootaxa","4965","1","7","17","8","12","4"
"1","2C0487DFFFA5FFDFF7FF5F51015DFB02","http://doi.org/10.5281/zenodo.4683635","D03DFFA7FFA3FFC4F7685E770206FFC7","2021","Zootaxa","4945","1","7","28","3","93","6"
"1","038087CBFFE70700FF7592FBFBA0A4AA","http://doi.org/10.5281/zenodo.4683210","FFB9FFB3FFEE070FFFE29409FF89A136","2021","Zootaxa","4944","1","10","16","3","37","2"
"1","03D77A7DFFDBF70DFD92D8F5B5DDFB77","http://doi.org/10.5281/zenodo.4680934","FFEE0205FFD1F702FFC4DD3FB117FFCB","2021","European Journal of Taxonomy","744","0","11","16","4","20","3"
"1","8545EB45EC04A01EFF3F8FBFFAF083D0","http://doi.org/10.5281/zenodo.4745632","797C933DEC0EA013FFA88F60FFAC8448","2021","Zootaxa","4969","1","11","14","5","8","2"
"1","BC53327AFFB16C2A25CFF91BD226C58C","http://doi.org/10.5281/zenodo.4474152","406A4A02FFBA6C362558FFF6D066C458","2021","Zootaxa","4916","1","12","29","5","170","4"
"1","A0103577FF8DFFB8FC09D2F27EA806E7","http://doi.org/10.5281/zenodo.4734690","5C294D0FFF8BFFB0FFE7D1017D2A0208","2021","Species Diversity","26","1","13","17","12","15","1"
"1","361087A7FFC9FFB255ABF90750ABCDEC","http://doi.org/10.5281/zenodo.4473150","CA29FFDFFFC5FFA0553CFFA5506ACD15","2021","Zootaxa","4912","1","13","19","9","36","3"
"1","03BD87E66B6CFFCBAF89FB60FB893EA1","http://doi.org/10.5281/zenodo.4534460","FF84FF9E6B61FFC5AF1EF86AFFDE3D4C","2021","Zootaxa","4922","1","14","15","17","2","1"
"1","03BD87E66B6FFFCAAF89FC54FD1E3AD9","http://doi.org/10.5281/zenodo.4534462","FF84FF9E6B61FFC5AF1EF86AFFDE3D4C","2021","Zootaxa","4922","1","15","16","15","4","1"
"1","03A41512FFFC4835FC612EFF433801C7","http://doi.org/10.5281/zenodo.4723446","FF9D6D6AFFF24825FF8C2A7447020664","2021","Journal of Mammalogy","102","2","15","17","1","19","5"
"1","03D77A7DFFDEF711FD9FD9C5B313FC62","http://doi.org/10.5281/zenodo.4680936","FFEE0205FFD1F702FFC4DD3FB117FFCB","2021","European Journal of Taxonomy","744","0","16","20","2","20","2"
"1","03BD87E66B70FFD7AF89F8FDFD1E3C9D","http://doi.org/10.5281/zenodo.4496356","FF84FF9E6B61FFC5AF1EF86AFFDE3D4C","2021","Zootaxa","4922","1","18","19","13","5","1"
"1","03BD87E66B73FFD1AF89FA48FD1E3F55","http://doi.org/10.5281/zenodo.4536494","FF84FF9E6B61FFC5AF1EF86AFFDE3D4C","2021","Zootaxa","4922","1","19","21","14","6","1"
"1","03D77A7DFFC2F714FE3DD935B27AFAD5","http://doi.org/10.5281/zenodo.4680938","FFEE0205FFD1F702FFC4DD3FB117FFCB","2021","European Journal of Taxonomy","744","0","20","23","2","24","1"
"1","03BD87E66B74FFD2AF89FC0DFD1E3F2D","http://doi.org/10.5281/zenodo.4534468","FF84FF9E6B61FFC5AF1EF86AFFDE3D4C","2021","Zootaxa","4922","1","22","24","17","4","1"
"1","03D77A7DFFC7F718FDD7D89DB203FD6A","http://doi.org/10.5281/zenodo.4680940","FFEE0205FFD1F702FFC4DD3FB117FFCB","2021","European Journal of Taxonomy","744","0","23","27","4","16","2"
"1","361087A7FFD3FFBA55ABFECB5455CA6E","http://doi.org/10.5281/zenodo.4473158","CA29FFDFFFC5FFA0553CFFA5506ACD15","2021","Zootaxa","4912","1","23","27","7","30","4"
"1","8545EB45EC18A008FF3F8A1FFD5A8555","http://doi.org/10.5281/zenodo.4745643","797C933DEC0EA013FFA88F60FFAC8448","2021","Zootaxa","4969","1","23","27","5","9","1"
"1","153987C4E23CB65DD9D250F41712FEDB","http://doi.org/10.5281/zenodo.4741197","E900FFBCE22BB647D9455063133DFFC6","2021","Zootaxa","4965","1","24","27","2","3","5"
"1","03BD87E66B78FFDFAF89FBF4FD1E3E59","http://doi.org/10.5281/zenodo.4496364","FF84FF9E6B61FFC5AF1EF86AFFDE3D4C","2021","Zootaxa","4922","1","26","27","10","4","1"
"1","03D77A7DFFCBF71EFDC3DFE0B0E0FBC5","http://doi.org/10.5281/zenodo.4680943","FFEE0205FFD1F702FFC4DD3FB117FFCB","2021","European Journal of Taxonomy","744","0","27","29","2","15","1"
"1","03BD87E66B7BFFD9AF89FDA4FD1E39ED","http://doi.org/10.5281/zenodo.4534475","FF84FF9E6B61FFC5AF1EF86AFFDE3D4C","2021","Zootaxa","4922","1","27","29","3","4","1"
"1","DA028789FE1BFF87FF4A5329FB0FFE92","http://doi.org/10.5281/zenodo.4710261","263BFFF1FE1FFF8EFFDD502CFFADFF8E","2021","Zootaxa","4949","1","28","32","16","26","6"
"1","BC53327AFFA66C1625CFFDECD119C7B5","http://doi.org/10.5281/zenodo.4474154","406A4A02FFBA6C362558FFF6D066C458","2021","Zootaxa","4916","1","29","31","2","7","1"
"1","03BD87E66B7CFFDBAF89FE25FD1E3A49","http://doi.org/10.5281/zenodo.4560692","FF84FF9E6B61FFC5AF1EF86AFFDE3D4C","2021","Zootaxa","4922","1","30","31","7","4","1"
"1","C10A5544FF80FFA1151CA5B3FC2AFC8A","http://doi.org/10.5281/zenodo.4737622","3D332D3CFF8FFFB0177CA434F970FFE8","2021","European Journal of Taxonomy","748","1","30","32","3","17","1"
"1","335587B2C4761C2BFF28FC88FDFEFD14","http://doi.org/10.5281/zenodo.4474375","CF6CFFCAC4571C0EFFBFFA70FFE5FFD9","2021","Zootaxa","4918","1","34","38","7","3","3"
"1","035E87B2FF92FFBDFF0230DCFC6FD0B7","http://doi.org/10.5281/zenodo.4448751","FF67FFCAFFB0FF9EFF953571FFBBD142","2021","Zootaxa","4909","1","35","36","1","2","1"
"1","03A6D248FFBF8B65DEC1F9FAFD78D1AA","http://doi.org/10.5281/zenodo.4602467","FF9FAA30FF9C8B52DF38FFAFFFC3D05C","2021","European Journal of Taxonomy","737","1","36","55","9","29","4"
"1","038487E62F05241DFF12B589FD88FDCE","http://doi.org/10.5281/zenodo.4771787","FFBDFF9E2F20243AFF85B51EFF9BFFD8","2021","Zootaxa","4973","1","38","40","1","6","1"
"1","335587B2C4721C23FF28FD6AFC3BF9BA","http://doi.org/10.5281/zenodo.4474377","CF6CFFCAC4571C0EFFBFFA70FFE5FFD9","2021","Zootaxa","4918","1","38","46","4","8","5"
"1","BC53327AFF9C6C1F25CFFCE9D119C275","http://doi.org/10.5281/zenodo.4474162","406A4A02FFBA6C362558FFF6D066C458","2021","Zootaxa","4916","1","39","41","2","5","1"
"1","03BD87E66B48FFEEAF89FF78FD1E3BAD","http://doi.org/10.5281/zenodo.4560698","FF84FF9E6B61FFC5AF1EF86AFFDE3D4C","2021","Zootaxa","4922","1","42","44","10","4","1"
"1","BC53327AFF936C1A25CFF989D296C705","http://doi.org/10.5281/zenodo.4467522","406A4A02FFBA6C362558FFF6D066C458","2021","Zootaxa","4916","1","42","45","3","8","1"
"1","8545EB45EC27A03EFF3F8E9EFCB482A4","http://doi.org/10.5281/zenodo.4745649","797C933DEC0EA013FFA88F60FFAC8448","2021","Zootaxa","4969","1","42","46","3","9","1"
"1","335587B2C47A1C20FF28FCC3FD96F807","http://doi.org/10.5281/zenodo.4474379","CF6CFFCAC4571C0EFFBFFA70FFE5FFD9","2021","Zootaxa","4918","1","46","47","2","5","3"
"1","03BD87E66B4EFFF4AF89F8FDFD1E3B1D","http://doi.org/10.5281/zenodo.4534492","FF84FF9E6B61FFC5AF1EF86AFFDE3D4C","2021","Zootaxa","4922","1","48","50","7","4","1"
"1","BC53327AFF8A6C0525CFFF61D2ACC2B9","http://doi.org/10.5281/zenodo.4474165","406A4A02FFBA6C362558FFF6D066C458","2021","Zootaxa","4916","1","49","51","5","5","1"
"1","335587B2C4651C3CFF28FAE7FAA8FBDB","http://doi.org/10.5281/zenodo.4474381","CF6CFFCAC4571C0EFFBFFA70FFE5FFD9","2021","Zootaxa","4918","1","51","51","2","2","3"
"1","03BD87E66B53FFF0AF89FF64FD1E395D","http://doi.org/10.5281/zenodo.4560700","FF84FF9E6B61FFC5AF1EF86AFFDE3D4C","2021","Zootaxa","4922","1","51","54","17","4","1"
"1","361087A7FFF6FF9555ABFEEF5223CC9C","http://doi.org/10.5281/zenodo.4473184","CA29FFDFFFC5FFA0553CFFA5506ACD15","2021","Zootaxa","4912","1","52","54","11","1","1"
"1","03BD87E66B54FFF2AF89FC08FD1E3A91","http://doi.org/10.5281/zenodo.4537697","FF84FF9E6B61FFC5AF1EF86AFFDE3D4C","2021","Zootaxa","4922","1","54","56","24","4","1"
"1","BC53327AFF826C0D25CFF91DD32AC6A9","http://doi.org/10.5281/zenodo.4474171","406A4A02FFBA6C362558FFF6D066C458","2021","Zootaxa","4916","1","57","60","1","6","1"
"1","335587B2C46D1C35FF28FC77FE26F8B3","http://doi.org/10.5281/zenodo.4474385","CF6CFFCAC4571C0EFFBFFA70FFE5FFD9","2021","Zootaxa","4918","1","59","60","7","3","3"
"1","BC53327AFF816C0825CFFCC0D3FAC169","http://doi.org/10.5281/zenodo.4474175","406A4A02FFBA6C362558FFF6D066C458","2021","Zootaxa","4916","1","60","62","3","7","1"
"1","03A6D248FFA78B11DECBFDFDFD6ED3A0","http://doi.org/10.5281/zenodo.4602471","FF9FAA30FF9C8B52DF38FFAFFFC3D05C","2021","European Journal of Taxonomy","737","1","60","68","2","10","2"
"1","03BD87E66B5FFF85AF89FACDFD1E3EA1","http://doi.org/10.5281/zenodo.4560702","FF84FF9E6B61FFC5AF1EF86AFFDE3D4C","2021","Zootaxa","4922","1","63","65","16","3","1"
"1","361087A7FFFAFFE555ABF9FF51BECDEC","http://doi.org/10.5281/zenodo.4473190","CA29FFDFFFC5FFA0553CFFA5506ACD15","2021","Zootaxa","4912","1","64","70","7","15","2"
"1","335587B2C4171C4CFF28F932FD54FF0C","http://doi.org/10.5281/zenodo.4474391","CF6CFFCAC4571C0EFFBFFA70FFE5FFD9","2021","Zootaxa","4918","1","65","66","6","5","3"
"1","03BD87E66B21FF84AF89FCC1FD1E3B45","http://doi.org/10.5281/zenodo.4496440","FF84FF9E6B61FFC5AF1EF86AFFDE3D4C","2021","Zootaxa","4922","1","65","66","3","3","1"
"1","BC53327AFFFA6C7525CFFC01D42BC6F1","http://doi.org/10.5281/zenodo.4474177","406A4A02FFBA6C362558FFF6D066C458","2021","Zootaxa","4916","1","65","67","1","4","1"
"1","335587B2C4151C4DFF28FED7FEC2FD70","http://doi.org/10.5281/zenodo.4474393","CF6CFFCAC4571C0EFFBFFA70FFE5FFD9","2021","Zootaxa","4918","1","67","68","12","4","3"
"1","BC53327AFFF96C7025CFFD18D4ECC001","http://doi.org/10.5281/zenodo.4474179","406A4A02FFBA6C362558FFF6D066C458","2021","Zootaxa","4916","1","68","70","2","11","1"
"1","335587B2C4141C49FF28FFEEFB79FF20","http://doi.org/10.5281/zenodo.4474395","CF6CFFCAC4571C0EFFBFFA70FFE5FFD9","2021","Zootaxa","4918","1","68","71","4","10","3"
"1","03A6D248FFDF8B1FDD74FB95FC9DD2FD","http://doi.org/10.5281/zenodo.4602473","FF9FAA30FF9C8B52DF38FFAFFFC3D05C","2021","European Journal of Taxonomy","737","1","68","78","12","15","5"
"1","03BD87E66B25FF83AF89FD84FD1E38D1","http://doi.org/10.5281/zenodo.4534507","FF84FF9E6B61FFC5AF1EF86AFFDE3D4C","2021","Zootaxa","4922","1","69","71","4","2","1"
"1","D5365613DD035D484B22FD9FFC7709EC","http://doi.org/10.5281/zenodo.4681774","290F2E6BDD075D4F4A75FF89FFCC085D","2021","Adansonia","43","8","69","72","3","5","3"
"1","03BD87E66B27FF8DAF89FD84FD1E3F55","http://doi.org/10.5281/zenodo.4534509","FF84FF9E6B61FFC5AF1EF86AFFDE3D4C","2021","Zootaxa","4922","1","71","73","2","4","1"
"1","BC53327AFFFC6C7F25CFFB5DD09DC121","http://doi.org/10.5281/zenodo.4474181","406A4A02FFBA6C362558FFF6D066C458","2021","Zootaxa","4916","1","71","74","1","6","1"
"1","335587B2C4101C42FF28FE21FD41FDC0","http://doi.org/10.5281/zenodo.4474397","CF6CFFCAC4571C0EFFBFFA70FFE5FFD9","2021","Zootaxa","4918","1","72","77","11","2","3"
"1","03BD87E66B29FF8CAF89FA00FD1E389F","http://doi.org/10.5281/zenodo.4560704","FF84FF9E6B61FFC5AF1EF86AFFDE3D4C","2021","Zootaxa","4922","1","73","74","7","4","1"
"1","03BD87E66B28FF8EAF89FE7DFD1E3CC5","http://doi.org/10.5281/zenodo.4560706","FF84FF9E6B61FFC5AF1EF86AFFDE3D4C","2021","Zootaxa","4922","1","74","76","20","4","1"
"1","03BD87E66B2AFF88AF89F9A5FD1E3EE9","http://doi.org/10.5281/zenodo.4560708","FF84FF9E6B61FFC5AF1EF86AFFDE3D4C","2021","Zootaxa","4922","1","76","78","8","4","1"
"1","463D87FC3262DD2AFDF3FCE5A1207337","http://doi.org/10.5281/zenodo.4746362","BA04FF84326BDD27FFD1FFD8A5637420","2021","European Journal of Taxonomy","748","1","76","80","1","14","1"
"1","BC53327AFFF66C6725CFFF61D1D6C209","http://doi.org/10.5281/zenodo.4474183","406A4A02FFBA6C362558FFF6D066C458","2021","Zootaxa","4916","1","77","79","9","10","1"
"1","335587B2C41B1C41FF28F81AFEEEFEC4","http://doi.org/10.5281/zenodo.4474399","CF6CFFCAC4571C0EFFBFFA70FFE5FFD9","2021","Zootaxa","4918","1","77","79","7","10","3"
"1","03BD87E66B2CFF8BAF89FB81FD1E39ED","http://doi.org/10.5281/zenodo.4534511","FF84FF9E6B61FFC5AF1EF86AFFDE3D4C","2021","Zootaxa","4922","1","78","79","5","4","1"
"1","03A6D248FFD18B05DEDFFD70FB78D369","http://doi.org/10.5281/zenodo.4602475","FF9FAA30FF9C8B52DF38FFAFFFC3D05C","2021","European Journal of Taxonomy","737","1","78","88","1","16","2"
"1","03BD87E66B2FFF8BAF89FC8DFD1E3A42","http://doi.org/10.5281/zenodo.4534513","FF84FF9E6B61FFC5AF1EF86AFFDE3D4C","2021","Zootaxa","4922","1","79","79","1","2","1"
"1","335587B2C4181C5EFF28FB1EFF32FC42","http://doi.org/10.5281/zenodo.4474401","CF6CFFCAC4571C0EFFBFFA70FFE5FFD9","2021","Zootaxa","4918","1","80","81","7","1","4"
"1","03BD87E66B31FF94AF89FF58FD1E3DB5","http://doi.org/10.5281/zenodo.4496450","FF84FF9E6B61FFC5AF1EF86AFFDE3D4C","2021","Zootaxa","4922","1","81","82","1","2","1"
"1","335587B2C4071C58FF28F992FA76FB80","http://doi.org/10.5281/zenodo.4474403","CF6CFFCAC4571C0EFFBFFA70FFE5FFD9","2021","Zootaxa","4918","1","81","87","6","4","4"
"1","03BD87E66B34FF92AF89F9B0FD1E3C29","http://doi.org/10.5281/zenodo.4496468","FF84FF9E6B61FFC5AF1EF86AFFDE3D4C","2021","Zootaxa","4922","1","86","88","1","4","1"
"1","BC53327AFFEC6C6E25CFFC59D51FC3A4","http://doi.org/10.5281/zenodo.4474187","406A4A02FFBA6C362558FFF6D066C458","2021","Zootaxa","4916","1","87","89","1","5","1"
"1","335587B2C4011C56FF28FEDAFEFFFC7C","http://doi.org/10.5281/zenodo.4467683","CF6CFFCAC4571C0EFFBFFA70FFE5FFD9","2021","Zootaxa","4918","1","87","89","2","4","3"
"1","03BD87E66B36FF9DAF89F9DCFD1E3A3D","http://doi.org/10.5281/zenodo.4534520","FF84FF9E6B61FFC5AF1EF86AFFDE3D4C","2021","Zootaxa","4922","1","88","89","3","4","1"
"1","F0537A31FFF44A32FF3B8B597BBAF9B4","http://doi.org/10.5281/zenodo.4549213","0C6A0249FFF54A34FFAC8F3B7A3AFFE5","2021","Zootaxa","4927","1","88","93","1","12","2"
"1","03A6D248FFCB8B0DDECDFC2DFC66D305","http://doi.org/10.5281/zenodo.4602477","FF9FAA30FF9C8B52DF38FFAFFFC3D05C","2021","European Journal of Taxonomy","737","1","88","96","5","15","2"
"1","335587B2C40F1C52FF28F986FD2AFCE0","http://doi.org/10.5281/zenodo.4474405","CF6CFFCAC4571C0EFFBFFA70FFE5FFD9","2021","Zootaxa","4918","1","89","93","3","6","6"
"1","03BD87E66B38FF9CAF89F8FDFD1E3F29","http://doi.org/10.5281/zenodo.4560710","FF84FF9E6B61FFC5AF1EF86AFFDE3D4C","2021","Zootaxa","4922","1","90","90","9","2","1"
"1","BC53327AFFE36C6D25CFFF61D160C3D4","http://doi.org/10.5281/zenodo.4474189","406A4A02FFBA6C362558FFF6D066C458","2021","Zootaxa","4916","1","90","92","4","7","1"
"1","03BD87E66B38FF9EAF89FDB3FD1E3B61","http://doi.org/10.5281/zenodo.4534526","FF84FF9E6B61FFC5AF1EF86AFFDE3D4C","2021","Zootaxa","4922","1","90","92","1","4","1"
"1","03CA87A4D360803079234572FAAC616E","http://doi.org/10.5281/zenodo.4644412","FFF3FFDCD3708022781D441FFFC86728","2021","European Journal of Taxonomy","740","1","93","95","3","10","1"
"1","03BD87E66B3DFF9BAF89FF58FD1E3BAD","http://doi.org/10.5281/zenodo.4534530","FF84FF9E6B61FFC5AF1EF86AFFDE3D4C","2021","Zootaxa","4922","1","93","95","3","4","1"
"1","F0537A31FFF34A3BFF3B89997B31FC40","http://doi.org/10.5281/zenodo.4549215","0C6A0249FFF54A34FFAC8F3B7A3AFFE5","2021","Zootaxa","4927","1","93","102","1","10","1"
"1","335587B2C4091C6EFF28F92BFB23FEC4","http://doi.org/10.5281/zenodo.4474409","CF6CFFCAC4571C0EFFBFFA70FFE5FFD9","2021","Zootaxa","4918","1","95","96","11","5","3"
"1","03A6D248FFC38B34DD73FC0AFC14D373","http://doi.org/10.5281/zenodo.4602479","FF9FAA30FF9C8B52DF38FFAFFFC3D05C","2021","European Journal of Taxonomy","737","1","96","103","7","8","2"
"1","335587B2C4371C6FFF28FB1EFA78F87C","http://doi.org/10.5281/zenodo.4474411","CF6CFFCAC4571C0EFFBFFA70FFE5FFD9","2021","Zootaxa","4918","1","97","98","7","7","3"
"1","03F787DF1D08D96CFD946BBA87B6FA8C","http://doi.org/10.5281/zenodo.4615161","FFCEFFA71D0DD960FF886D158538FF88","2021","European Journal of Taxonomy","739","1","97","104","2","23","1"
"1","883287E0FFC89575CE3CA185FC052EBB","http://doi.org/10.5281/zenodo.4709915","740BFF98FFCC957CCC54A30CFFD62C15","2021","European Journal of Taxonomy","746","0","98","103","5","1","3"
"1","03BD87E66B03FFA6AF89FAD8FD1E3979","http://doi.org/10.5281/zenodo.4534534","FF84FF9E6B61FFC5AF1EF86AFFDE3D4C","2021","Zootaxa","4922","1","99","100","6","4","1"
"1","03BD87E66B02FFA0AF89FCECFCD139ED","http://doi.org/10.5281/zenodo.4534538","FF84FF9E6B61FFC5AF1EF86AFFDE3D4C","2021","Zootaxa","4922","1","100","102","6","4","1"
"1","335587B2C4321C68FF28FAE7FAC5FC10","http://doi.org/10.5281/zenodo.4474413","CF6CFFCAC4571C0EFFBFFA70FFE5FFD9","2021","Zootaxa","4918","1","102","103","5","4","3"
"1","039F879D027BFFDF57B3F88BFCF1769A","http://doi.org/10.5281/zenodo.4685423","FFA6FFE5027AFFDD5724FF85FFD17577","2021","Zootaxa","4952","1","102","103","6","2","1"
"1","03BD87E66B04FFA2AF89FC98FD1E3C0D","http://doi.org/10.5281/zenodo.4534542","FF84FF9E6B61FFC5AF1EF86AFFDE3D4C","2021","Zootaxa","4922","1","102","104","4","4","1"
"1","335587B2C4311C66FF28FE6AFA65FEC4","http://doi.org/10.5281/zenodo.4474415","CF6CFFCAC4571C0EFFBFFA70FFE5FFD9","2021","Zootaxa","4918","1","103","105","6","3","3"
"1","039F879D0278FFD957B3FBBBFD9F776E","http://doi.org/10.5281/zenodo.4685425","FFA6FFE5027AFFDD5724FF85FFD17577","2021","Zootaxa","4952","1","103","105","7","5","1"
"1","03F787DF1D01D970FE6A685784A6FB9B","http://doi.org/10.5281/zenodo.4615165","FFCEFFA71D0DD960FF886D158538FF88","2021","European Journal of Taxonomy","739","1","104","108","3","18","3"
"1","039F879D027EFFD857B3FDEFFDFC767A","http://doi.org/10.5281/zenodo.4685427","FFA6FFE5027AFFDD5724FF85FFD17577","2021","Zootaxa","4952","1","105","106","2","4","1"
"1","335587B2C43F1C64FF28FC67FAA7FD2B","http://doi.org/10.5281/zenodo.4474419","CF6CFFCAC4571C0EFFBFFA70FFE5FFD9","2021","Zootaxa","4918","1","105","107","8","2","3"
"1","03BD87E66B09FFAFAF89FF64FD1E387D","http://doi.org/10.5281/zenodo.4560712","FF84FF9E6B61FFC5AF1EF86AFFDE3D4C","2021","Zootaxa","4922","1","105","107","2","4","1"
"1","039F879D027FFFD857B3FCDAFB237209","http://doi.org/10.5281/zenodo.4685429","FFA6FFE5027AFFDD5724FF85FFD17577","2021","Zootaxa","4952","1","106","106","5","5","1"
"1","03BD87E66B0BFFAEAF89FDE8FD1E3AF5","http://doi.org/10.5281/zenodo.4534550","FF84FF9E6B61FFC5AF1EF86AFFDE3D4C","2021","Zootaxa","4922","1","107","108","6","4","1"
"1","335587B2C43D1C63FF28FD6AFB55FE98","http://doi.org/10.5281/zenodo.4474421","CF6CFFCAC4571C0EFFBFFA70FFE5FFD9","2021","Zootaxa","4918","1","107","110","1","3","3"
"1","03B787E5BA42C122FDAF19537099044E","http://doi.org/10.5281/zenodo.4509042","FF8EFF9DBA54C13AFFFD185B745C0538","2021","European Journal of Taxonomy","733","0","109","111","11","18","1"
"1","039F879D0272FFD557B3FF12FAA3714E","http://doi.org/10.5281/zenodo.4671814","FFA6FFE5027AFFDD5724FF85FFD17577","2021","Zootaxa","4952","1","109","109","7","2","1"
"1","03A6D248FFF08B21DD7CFEA7FAB4D1D1","http://doi.org/10.5281/zenodo.4602483","FF9FAA30FF9C8B52DF38FFAFFFC3D05C","2021","European Journal of Taxonomy","737","1","109","115","7","11","2"
"1","03BC87C5FFD63974A363FBBDFC72FDF1","http://doi.org/10.5281/zenodo.4767951","FF85FFBDFFD23973A03CFFA9FFECFF81","2021","Adansonia","43","10","109","112","3","2","1"
"1","361087A7FFA8FFD355ABFE5B5349CEC2","http://doi.org/10.5281/zenodo.4473058","CA29FFDFFFC5FFA0553CFFA5506ACD15","2021","Zootaxa","4912","1","110","116","11","29","3"
"1","03B787E5BA4CC120FE1619C776B604EF","http://doi.org/10.5281/zenodo.4509044","FF8EFF9DBA54C13AFFFD185B745C0538","2021","European Journal of Taxonomy","733","0","111","113","4","16","1"
"1","039F879D0270FFD157B3FC2AFE6E7436","http://doi.org/10.5281/zenodo.4723841","FFA6FFE5027AFFDD5724FF85FFD17577","2021","Zootaxa","4952","1","111","113","3","11","1"
"1","03B787E5BA4EC121FE1A1A5E70DB002C","http://doi.org/10.5281/zenodo.4509046","FF8EFF9DBA54C13AFFFD185B745C0538","2021","European Journal of Taxonomy","733","0","113","114","8","16","1"
"1","039F879D0276FFD057B3FE17FC377469","http://doi.org/10.5281/zenodo.4685431","FFA6FFE5027AFFDD5724FF85FFD17577","2021","Zootaxa","4952","1","113","114","3","16","1"
"1","03B63E6AE43BFFCEF7E91D94FCFEFC7E","http://doi.org/10.5281/zenodo.4664499","FF8F4612E431FFC0F77E1B66FFD4FFDB","2021","Zootaxa","4950","1","113","117","1","7","1"
"1","03B787E5BA48C124FDD11C76763203AB","http://doi.org/10.5281/zenodo.4509060","FF8EFF9DBA54C13AFFFD185B745C0538","2021","European Journal of Taxonomy","733","0","115","117","1","28","1"
"1","03A6D248FFEF8B2ADD59FE65FBC4D4D9","http://doi.org/10.5281/zenodo.4602485","FF9FAA30FF9C8B52DF38FFAFFFC3D05C","2021","European Journal of Taxonomy","737","1","116","121","3","8","2"
"1","361087A7FFB6FFD855ABFADC5370C8F0","http://doi.org/10.5281/zenodo.4473064","CA29FFDFFFC5FFA0553CFFA5506ACD15","2021","Zootaxa","4912","1","116","121","6","21","2"
"1","039F879D026AFFCC57B3FAAAFE6C7716","http://doi.org/10.5281/zenodo.4685433","FFA6FFE5027AFFDD5724FF85FFD17577","2021","Zootaxa","4952","1","117","118","5","2","1"
"1","039F879D026BFFCC57B3FD37FBF072CA","http://doi.org/10.5281/zenodo.4685435","FFA6FFE5027AFFDD5724FF85FFD17577","2021","Zootaxa","4952","1","118","118","7","6","1"
"1","039F879D0269FFC957B3FF12FF2176BF","http://doi.org/10.5281/zenodo.4685437","FFA6FFE5027AFFDD5724FF85FFD17577","2021","Zootaxa","4952","1","120","121","3","2","1"
"1","03BD87E66B19FFBDAF89FB28FD1E3803","http://doi.org/10.5281/zenodo.4496532","FF84FF9E6B61FFC5AF1EF86AFFDE3D4C","2021","Zootaxa","4922","1","121","121","2","2","1"
"1","03BD87E66B19FFBEAF89FD83FD1E3E59","http://doi.org/10.5281/zenodo.4560714","FF84FF9E6B61FFC5AF1EF86AFFDE3D4C","2021","Zootaxa","4922","1","121","124","4","4","1"
"1","361087A7FFBCFF2055ABFF32515DC968","http://doi.org/10.5281/zenodo.4473068","CA29FFDFFFC5FFA0553CFFA5506ACD15","2021","Zootaxa","4912","1","122","129","31","45","3"
"1","03BD87E66B1DFFBBAF89F977FD103E11","http://doi.org/10.5281/zenodo.4534569","FF84FF9E6B61FFC5AF1EF86AFFDE3D4C","2021","Zootaxa","4922","1","125","127","1","3","1"
"1","03BD87E66B1EFF44AF89FEACFD103F2D","http://doi.org/10.5281/zenodo.4534573","FF84FF9E6B61FFC5AF1EF86AFFDE3D4C","2021","Zootaxa","4922","1","128","130","2","4","1"
"1","03BD87E66BE6FF4DAF89FF05FD103ED4","http://doi.org/10.5281/zenodo.4537540","FF84FF9E6B61FFC5AF1EF86AFFDE3D4C","2021","Zootaxa","4922","1","136","137","6","2","1"
"1","03BD87E66BE8FF4FAF89F977FD103FC9","http://doi.org/10.5281/zenodo.4560716","FF84FF9E6B61FFC5AF1EF86AFFDE3D4C","2021","Zootaxa","4922","1","138","139","5","4","1"
"1","03BD87E66BEBFF49AF89FB29FD103835","http://doi.org/10.5281/zenodo.4534583","FF84FF9E6B61FFC5AF1EF86AFFDE3D4C","2021","Zootaxa","4922","1","139","141","3","3","1"
"1","03D887EF620FFFA878DDFF016880F856","http://doi.org/10.5281/zenodo.4458059","FFE1FF976209FFA2784AFF966A79FFAE","2021","Zootaxa","4915","1","139","143","4","6","1"
"1","03BD87E66BEDFF48AF89FDA0FD103BD5","http://doi.org/10.5281/zenodo.4534585","FF84FF9E6B61FFC5AF1EF86AFFDE3D4C","2021","Zootaxa","4922","1","141","142","1","4","1"
"1","03BD87E66BECFF4BAF89FE80FD103AF5","http://doi.org/10.5281/zenodo.4496576","FF84FF9E6B61FFC5AF1EF86AFFDE3D4C","2021","Zootaxa","4922","1","142","143","3","4","1"
"1","039287A73852FFC3FF4FFC4EFD668A98","http://doi.org/10.5281/zenodo.4422836","FFABFFDF3850FFC5FFD8FF83FFC68F70","2021","Zootaxa","4903","1","142","146","1","35","1"
"1","03BD87E66BF5FF50AF89FE80FD103C0D","http://doi.org/10.5281/zenodo.4534597","FF84FF9E6B61FFC5AF1EF86AFFDE3D4C","2021","Zootaxa","4922","1","149","150","1","2","1"
"1","03BD87E66BF6FF5DAF89F9B0FD103EE9","http://doi.org/10.5281/zenodo.4534599","FF84FF9E6B61FFC5AF1EF86AFFDE3D4C","2021","Zootaxa","4922","1","152","153","8","4","1"
"1","A66B1A7CEF51D324FF0FFBB70945FCBF","http://doi.org/10.5281/zenodo.4651560","5A526204EF53D322FF98FFAA0D6FFF86","2021","Zootaxa","4948","2","153","157","40","33","12"
"1","03BD87E66BF8FF5CAF89FE03FD103AB6","http://doi.org/10.5281/zenodo.4496606","FF84FF9E6B61FFC5AF1EF86AFFDE3D4C","2021","Zootaxa","4922","1","154","154","8","2","1"
"1","03BD87E66BFAFF59AF89F8FDFD103D99","http://doi.org/10.5281/zenodo.4496612","FF84FF9E6B61FFC5AF1EF86AFFDE3D4C","2021","Zootaxa","4922","1","156","157","2","4","1"
"1","03C787B8FFA7FFE3B55B56E6FD4BD7BE","http://doi.org/10.5281/zenodo.4694713","FFFEFFC0FFACFFF2B708540DFFFED01B","2021","European Journal of Taxonomy","744","1","156","162","1","51","1"
"1","5B678789FFC11458A09D0CE9FB5FFAB4","http://doi.org/10.5281/zenodo.4564945","A75EFFF1FFC4144AA00A0C7FFFCEFFE1","2021","Zootaxa","4927","2","156","169","38","19","1"
"1","D03F87E4D11D5054FF42DAF74890AE64","http://doi.org/10.5281/zenodo.4685801","2C06FF9CD1185052FFD5DF594C5AAC59","2021","Zootaxa","4952","1","157","157","1","6","1"
"1","03BD87E66BFDFF58AF89F94CFB713DB6","http://doi.org/10.5281/zenodo.4496620","FF84FF9E6B61FFC5AF1EF86AFFDE3D4C","2021","Zootaxa","4922","1","157","158","4","4","1"
"1","03BD87E66BFCFF5AAF89FF41FD103CE1","http://doi.org/10.5281/zenodo.4534607","FF84FF9E6B61FFC5AF1EF86AFFDE3D4C","2021","Zootaxa","4922","1","158","160","4","4","1"
"1","03BF87A3C846FFBDFF3DFA7FFA28A2F6","http://doi.org/10.5281/zenodo.4559926","FF86FFDBC841FFB7FFAAFFDEFFA5A577","2021","Zootaxa","4933","2","158","161","9","9","1"
"1","D03F87E4D11F505BFF42DAAC4DA5AD18","http://doi.org/10.5281/zenodo.4685811","2C06FF9CD1185052FFD5DF594C5AAC59","2021","Zootaxa","4952","1","159","162","1","18","3"
"1","03BD87E66BC1FF64AF89FD05FD103BD5","http://doi.org/10.5281/zenodo.4496626","FF84FF9E6B61FFC5AF1EF86AFFDE3D4C","2021","Zootaxa","4922","1","161","162","3","4","1"
"1","C24787C5BF59FFFCFF74F3CD6847633A","http://doi.org/10.5281/zenodo.4569769","3E7EFFBDBF53FFF7FFE3F062697E627B","2021","Zootaxa","4903","2","161","161","3","4","1"
"1","C24787C5BF58FFFCFF74F1F16DFA66E0","http://doi.org/10.5281/zenodo.4569771","3E7EFFBDBF53FFF7FFE3F062697E627B","2021","Zootaxa","4903","2","162","162","1","4","1"
"1","03BF87A3C84AFFBBFF3DFF49FE5BA167","http://doi.org/10.5281/zenodo.4559928","FF86FFDBC841FFB7FFAAFFDEFFA5A577","2021","Zootaxa","4933","2","162","163","1","4","1"
"1","D03F87E4D113505EFF42DFCE4DF1AD18","http://doi.org/10.5281/zenodo.4685815","2C06FF9CD1185052FFD5DF594C5AAC59","2021","Zootaxa","4952","1","163","164","1","1","1"
"1","03C787B8FFBEFFE4B5695504FBA0D247","http://doi.org/10.5281/zenodo.4694715","FFFEFFC0FFACFFF2B708540DFFFED01B","2021","European Journal of Taxonomy","744","1","163","167","8","27","1"
"1","C24787C5BF5FFFFBFF74F417685B64C1","http://doi.org/10.5281/zenodo.4422923","3E7EFFBDBF53FFF7FFE3F062697E627B","2021","Zootaxa","4903","2","163","163","1","4","1"
"1","C24787C5BF5FFFFBFF74F11968E36653","http://doi.org/10.5281/zenodo.4569781","3E7EFFBDBF53FFF7FFE3F062697E627B","2021","Zootaxa","4903","2","163","163","2","5","1"
"1","03E587FAFFABFFAEFF2A5B052E7F7733","http://doi.org/10.5281/zenodo.4534246","FFDCFF82FFA7FFA0FFBD5F132D13762E","2021","Zootaxa","4926","2","163","164","5","22","1"
"1","D03F87E4D114505EFF42DECA480EAF0E","http://doi.org/10.5281/zenodo.4685819","2C06FF9CD1185052FFD5DF594C5AAC59","2021","Zootaxa","4952","1","164","164","1","1","1"
"1","03BF87A3C84FFFA7FF3DFCCFFE0FA436","http://doi.org/10.5281/zenodo.4559930","FF86FFDBC841FFB7FFAAFFDEFFA5A577","2021","Zootaxa","4933","2","165","167","5","4","1"
"1","03C787B8FFBAFFEFB6F55694FB4BD172","http://doi.org/10.5281/zenodo.4694719","FFFEFFC0FFACFFF2B708540DFFFED01B","2021","European Journal of Taxonomy","744","1","167","173","3","24","1"
"1","0386CD35FF9BFFA77458FC6A400B90BE","http://doi.org/10.5281/zenodo.4721075","FFBFB54DFF9CFFA0757CFF9F44099755","2021","Zoosystema","43","10","168","168","8","1","1"
"1","03BF87A3C853FFA3FF3DF9F4FE29A20A","http://doi.org/10.5281/zenodo.4559936","FF86FFDBC841FFB7FFAAFFDEFFA5A577","2021","Zootaxa","4933","2","169","171","1","6","1"
"1","03E587FAFFB5FFB5FF2A5E592FD771BB","http://doi.org/10.5281/zenodo.4534254","FFDCFF82FFA7FFA0FFBD5F132D13762E","2021","Zootaxa","4926","2","169","172","2","13","1"
"1","5B678789FFD61450A09D09D9FB9BFB08","http://doi.org/10.5281/zenodo.4564951","A75EFFF1FFC4144AA00A0C7FFFCEFFE1","2021","Zootaxa","4927","2","169","177","19","22","2"
"1","C24787C5BF47FFE3FF74F0F56A6B61E0","http://doi.org/10.5281/zenodo.4422968","3E7EFFBDBF53FFF7FFE3F062697E627B","2021","Zootaxa","4903","2","171","171","1","3","1"
"1","C24787C5BF47FFE3FF74F5F36BAC659D","http://doi.org/10.5281/zenodo.4422972","3E7EFFBDBF53FFF7FFE3F062697E627B","2021","Zootaxa","4903","2","171","171","1","4","1"
"1","03BF87A3C854FFA0FF3DFF49FDC3A58E","http://doi.org/10.5281/zenodo.4559940","FF86FFDBC841FFB7FFAAFFDEFFA5A577","2021","Zootaxa","4933","2","172","174","7","6","1"
"1","03BD87E66BCDFF69AF89FD5CFB9D3BBD","http://doi.org/10.5281/zenodo.4496650","FF84FF9E6B61FFC5AF1EF86AFFDE3D4C","2021","Zootaxa","4922","1","173","173","5","2","1"
"1","03BF87A3C856FFA0FF3DFE94FC24A01E","http://doi.org/10.5281/zenodo.4550170","FF86FFDBC841FFB7FFAAFFDEFFA5A577","2021","Zootaxa","4933","2","174","174","3","7","1"
"1","03BF87A3C856FFACFF3DFA64FECBA58E","http://doi.org/10.5281/zenodo.4559944","FF86FFDBC841FFB7FFAAFFDEFFA5A577","2021","Zootaxa","4933","2","174","177","11","3","1"
"1","361087A7FF75FF1755ABFA485204CFE4","http://doi.org/10.5281/zenodo.4473114","CA29FFDFFFC5FFA0553CFFA5506ACD15","2021","Zootaxa","4912","1","177","184","28","24","2"
"1","03BF87A3C85AFFACFF3DFE94FCEAA1E6","http://doi.org/10.5281/zenodo.4559946","FF86FFDBC841FFB7FFAAFFDEFFA5A577","2021","Zootaxa","4933","2","178","178","1","3","1"
"1","03BF87A3C85AFFACFF3DFB3CFDE6A282","http://doi.org/10.5281/zenodo.4559948","FF86FFDBC841FFB7FFAAFFDEFFA5A577","2021","Zootaxa","4933","2","178","178","4","1","1"
"1","03BF87A3C85DFFAAFF3DFC19FE2AA4DA","http://doi.org/10.5281/zenodo.4559950","FF86FFDBC841FFB7FFAAFFDEFFA5A577","2021","Zootaxa","4933","2","179","180","8","6","1"
"1","03BF87A3C85CFFA9FF3DFD43FB22A6D2","http://doi.org/10.5281/zenodo.4550184","FF86FFDBC841FFB7FFAAFFDEFFA5A577","2021","Zootaxa","4933","2","180","181","2","5","1"
"1","03E587FAFFB9FF80FF2A5A462F857137","http://doi.org/10.5281/zenodo.4534260","FFDCFF82FFA7FFA0FFBD5F132D13762E","2021","Zootaxa","4926","2","181","183","2","9","1"
"1","03BF87A3C85FFF96FF3DFC28FEB3A7BA","http://doi.org/10.5281/zenodo.4559954","FF86FFDBC841FFB7FFAAFFDEFFA5A577","2021","Zootaxa","4933","2","181","184","10","10","1"
"1","03BF87A3C860FF95FF3DFAC8FE24A58F","http://doi.org/10.5281/zenodo.4550194","FF86FFDBC841FFB7FFAAFFDEFFA5A577","2021","Zootaxa","4933","2","184","185","2","1","1"
"1","03D66E0179764E7E28F5FB35FE93F8D8","http://doi.org/10.5281/zenodo.4671584","FFEF167979724E782862FFC7FFA6FFDB","2021","Zootaxa","4952","1","185","187","5","13","2"
"1","03BF87A3C863FF94FF3DFEE1FD72A482","http://doi.org/10.5281/zenodo.4559956","FF86FFDBC841FFB7FFAAFFDEFFA5A577","2021","Zootaxa","4933","2","185","186","3","2","1"
"1","03BF87A3C862FF94FF3DFC32FDFDA3D4","http://doi.org/10.5281/zenodo.4559959","FF86FFDBC841FFB7FFAAFFDEFFA5A577","2021","Zootaxa","4933","2","186","186","3","1","1"
"1","03BF87A3C862FF93FF3DF92AFB38A4A6","http://doi.org/10.5281/zenodo.4559961","FF86FFDBC841FFB7FFAAFFDEFFA5A577","2021","Zootaxa","4933","2","186","187","1","1","1"
"1","03D66E0179744E7028F5F893FE5BF804","http://doi.org/10.5281/zenodo.4671588","FFEF167979724E782862FFC7FFA6FFDB","2021","Zootaxa","4952","1","187","189","4","8","1"
"1","03BD87E66BDAFF7EAF89F999FD103FB3","http://doi.org/10.5281/zenodo.4537544","FF84FF9E6B61FFC5AF1EF86AFFDE3D4C","2021","Zootaxa","4922","1","188","188","4","2","1"
"1","03BD87E66BDAFF78AF89FCF9FD133BF1","http://doi.org/10.5281/zenodo.4534666","FF84FF9E6B61FFC5AF1EF86AFFDE3D4C","2021","Zootaxa","4922","1","188","190","5","4","1"
"1","03BD87E66BDCFF7AAF89FF69FD133C29","http://doi.org/10.5281/zenodo.4537546","FF84FF9E6B61FFC5AF1EF86AFFDE3D4C","2021","Zootaxa","4922","1","190","192","7","4","1"
"1","03007E45FF82FF803D89FCF9F2F9B998","http://doi.org/10.5281/zenodo.4579397","FF39063DFF81FF863D1EFF9FF35CBE7B","2021","Zootaxa","4938","2","199","202","7","14","2"
"1","03BD87E66BAEFF15AF89FB28FD133979","http://doi.org/10.5281/zenodo.4534697","FF84FF9E6B61FFC5AF1EF86AFFDE3D4C","2021","Zootaxa","4922","1","208","209","4","4","1"
"1","03BD87E66BB3FF11AF89FD20FD133DFD","http://doi.org/10.5281/zenodo.4537553","FF84FF9E6B61FFC5AF1EF86AFFDE3D4C","2021","Zootaxa","4922","1","211","213","10","4","1"
"1","E83387BFFFA5FF865094B705FBFC1D76","http://doi.org/10.5281/zenodo.4565566","140AFFC7FFA6FF805003B276FFCA1F17","2021","Zootaxa","4927","2","212","215","7","3","1"
"1","03BD87E66BB4FF12AF89FBE8FD133E85","http://doi.org/10.5281/zenodo.4534709","FF84FF9E6B61FFC5AF1EF86AFFDE3D4C","2021","Zootaxa","4922","1","214","216","3","4","1"
"1","03BD87E66BBCFF1AAF89FD9CFD133931","http://doi.org/10.5281/zenodo.4534736","FF84FF9E6B61FFC5AF1EF86AFFDE3D4C","2021","Zootaxa","4922","1","222","224","3","4","1"
"1","03E287EBFFF1FFF0CAB14BF0FC13FE79","http://doi.org/10.5281/zenodo.4694847","FFDBFF93FFF6FFFDCA264B67FF99FFA8","2021","Zootaxa","4952","2","242","248","3","24","4"
"1","6426795AFFD0905FFF5DEC5CFB50C9E3","http://doi.org/10.5281/zenodo.4749933","981F0122FFD79052FFCAE865FFDEC862","2021","Zootaxa","4965","2","251","257","1","15","2"
"1","039CAA64605AFFD1FF633A7CD796FC96","http://doi.org/10.5281/zenodo.4582294","FFA5D21C6059FFD7FFF43E5ED642FFAC","2021","Zootaxa","4938","3","254","257","3","8","2"
"1","9D767B515A0BFFC3C0F7919FF301FC8D","http://doi.org/10.5281/zenodo.4621213","614F03295A09FFCBC0609214F156FFD3","2021","Zootaxa","4948","2","263","268","11","8","3"
"1","03BD87E66A6BFECEAF89FEC8FD1038D1","http://doi.org/10.5281/zenodo.4534821","FF84FF9E6B61FFC5AF1EF86AFFDE3D4C","2021","Zootaxa","4922","1","267","268","4","3","1"
"1","039CAA64604AFFC2FF633EC9D534FB45","http://doi.org/10.5281/zenodo.4582304","FFA5D21C6059FFD7FFF43E5ED642FFAC","2021","Zootaxa","4938","3","270","272","2","6","1"
"1","03BD87E66A6EFED4AF89FC08FD103EE9","http://doi.org/10.5281/zenodo.4534827","FF84FF9E6B61FFC5AF1EF86AFFDE3D4C","2021","Zootaxa","4922","1","272","274","3","4","1"
"1","039CAA646042FFCBFF633A60D241FCB9","http://doi.org/10.5281/zenodo.4582314","FFA5D21C6059FFD7FFF43E5ED642FFAC","2021","Zootaxa","4938","3","278","279","2","9","2"
"1","039CAA64607FFFFDFF633CA4D24AFE59","http://doi.org/10.5281/zenodo.4582323","FFA5D21C6059FFD7FFF43E5ED642FFAC","2021","Zootaxa","4938","3","289","293","3","10","2"
"1","03DBDB11C177FFBDFF54FB48FA0FB2D5","http://doi.org/10.5281/zenodo.4710356","FFE2A369C174FFBBFFC3FFE3FF93B443","2021","Zootaxa","4958","1","290","293","4","24","3"
"1","45376A353254B04CFF7CFD81234FF84E","http://doi.org/10.5281/zenodo.4545870","B90E124D3257B041FFEBFFC62223FF9D","2021","Zootaxa","4926","3","304","314","10","8","2"
"1","03BD87E66A56FEFFAF89F9AFFD103CE1","http://doi.org/10.5281/zenodo.4537839","FF84FF9E6B61FFC5AF1EF86AFFDE3D4C","2021","Zootaxa","4922","1","312","315","5","3","1"
"1","45376A353259B054FF7CFEE121FBFE4F","http://doi.org/10.5281/zenodo.4545874","B90E124D3257B041FFEBFFC62223FF9D","2021","Zootaxa","4926","3","315","322","46","2","1"
"1","03BD87E66A5AFEF8AF89FB28FD103E11","http://doi.org/10.5281/zenodo.4534914","FF84FF9E6B61FFC5AF1EF86AFFDE3D4C","2021","Zootaxa","4922","1","316","318","5","4","1"
"1","03BD87E66A5CFEFBAF89FC7AFD103E11","http://doi.org/10.5281/zenodo.4534930","FF84FF9E6B61FFC5AF1EF86AFFDE3D4C","2021","Zootaxa","4922","1","318","319","3","3","1"
"1","03DB87830E45FF8FFF6B633FEB7D74BF","http://doi.org/10.5281/zenodo.4619200","FFE2FFFB0E54FF9CFFFC6218E9117445","2021","Zootaxa","4942","3","318","320","5","4","4"
"1","03BD87E66A5FFEFAAF89FBC4FD58393B","http://doi.org/10.5281/zenodo.4534936","FF84FF9E6B61FFC5AF1EF86AFFDE3D4C","2021","Zootaxa","4922","1","319","320","6","4","1"
"1","03DB87830E40FF8AFF6B670CEB0B7718","http://doi.org/10.5281/zenodo.4619202","FFE2FFFB0E54FF9CFFFC6218E9117445","2021","Zootaxa","4942","3","321","323","6","3","4"
"1","03DB87830E42FF8BFF6B6746EC5D73D3","http://doi.org/10.5281/zenodo.4619204","FFE2FFFB0E54FF9CFFFC6218E9117445","2021","Zootaxa","4942","3","323","324","4","3","4"
"1","03BD87E66A22FE80AF89FD7CFD103E75","http://doi.org/10.5281/zenodo.4560718","FF84FF9E6B61FFC5AF1EF86AFFDE3D4C","2021","Zootaxa","4922","1","324","326","5","4","1"
"1","03DB87830E4CFF85FF6B6081ED737110","http://doi.org/10.5281/zenodo.4619208","FFE2FFFB0E54FF9CFFFC6218E9117445","2021","Zootaxa","4942","3","325","326","3","3","4"
"1","03BD87E66A24FE83AF89FBE0FD103979","http://doi.org/10.5281/zenodo.4534944","FF84FF9E6B61FFC5AF1EF86AFFDE3D4C","2021","Zootaxa","4922","1","326","327","1","4","1"
"1","03BD87E66A26FE8CAF89FD34FD103E59","http://doi.org/10.5281/zenodo.4534948","FF84FF9E6B61FFC5AF1EF86AFFDE3D4C","2021","Zootaxa","4922","1","328","330","6","4","1"
"1","03BD87E66A2CFE8AAF89FBC4FD103915","http://doi.org/10.5281/zenodo.4534979","FF84FF9E6B61FFC5AF1EF86AFFDE3D4C","2021","Zootaxa","4922","1","334","336","1","4","1"
"1","03BD87E66A2EFE95AF89FCC0FD103835","http://doi.org/10.5281/zenodo.4560720","FF84FF9E6B61FFC5AF1EF86AFFDE3D4C","2021","Zootaxa","4922","1","336","337","1","4","1"
"1","03C67812FFDD9562FF1BFE36FEABFEF1","http://doi.org/10.5281/zenodo.4692074","FFFF006AFFDF9565FF8CFF80FF86FFB3","2021","Zootaxa","4958","1","347","352","11","35","1"
"1","754287FAFFF2492BBA9224400E5EFE21","http://doi.org/10.5281/zenodo.4450584","897BFF82FFF34922BA0521510D67FFAB","2021","Zootaxa","4908","3","355","363","26","13","2"
"1","03826F0FFFC4E075FF2BD5E30431FADA","http://doi.org/10.5281/zenodo.4683534","FFBB1777FFC3E07DFFBCD7340108FFE8","2021","Zootaxa","4951","2","368","369","1","8","3"
"1","03C087A9FFC3382699EAFD9CFE9BD286","http://doi.org/10.5281/zenodo.4694764","FFF9FFD1FFC23822997DFFDAFF9FD253","2021","Zootaxa","4952","2","392","395","1","3","3"
"1","E52787FFFFD4F74FFF4CDBB8FCBEDA84","http://doi.org/10.5281/zenodo.4432590","191EFF87FFD5F745FFDBD84EFF81DB29","2021","Zootaxa","4903","3","394","403","20","52","1"
"1","039E87FEF56EE64AA7A0FAB493A7F876","http://doi.org/10.5281/zenodo.4478189","FFA7FF86F56AE64FA737FFD7970AFFBC","2021","Zootaxa","4920","3","421","422","3","12","1"
"1","03A087ACE66C396604CADED1FBFCE7FD","http://doi.org/10.5281/zenodo.4669929","FF99FFD4E66F3965045DDD02FFDFE00C","2021","Zootaxa","4948","3","422","422","7","2","1"
"1","039E87FEF56DE648A7A0FC219477FA24","http://doi.org/10.5281/zenodo.4478191","FFA7FF86F56AE64FA737FFD7970AFFBC","2021","Zootaxa","4920","3","424","424","1","3","1"
"1","03D88782FFA92202FF7BF9071F6AFCEE","http://doi.org/10.5281/zenodo.4617027","FFE1FFFAFFAB220AFFECFFA51C59FFB3","2021","Zootaxa","4941","4","453","459","1","4","2"
"1","A157FD05FFBF4B4CFF2FFBDFFC0F2236","http://doi.org/10.5281/zenodo.4558063","5D6E857DFFBD4B45FFB8FFBDFF98266C","2021","Zootaxa","4926","4","453","460","1","42","1"
"1","BA5287F8FF9BFFF8FF16C5F7FC1FBCDC","http://doi.org/10.5281/zenodo.4694580","466BFF80FF8BFFE9FF81C601FF96BD29","2021","Zootaxa","4950","3","457","458","2","9","1"
"1","BA5287F8FF9AFFFAFF16C0DFFF6CBF30","http://doi.org/10.5281/zenodo.4694582","466BFF80FF8BFFE9FF81C601FF96BD29","2021","Zootaxa","4950","3","458","460","1","7","1"
"1","03D88782FFA32200FF7BFC0B1F6AFD36","http://doi.org/10.5281/zenodo.4617035","FFE1FFFAFFAB220AFFECFFA51C59FFB3","2021","Zootaxa","4941","4","459","461","1","4","3"
"1","03D88782FFA12201FF7BFD731F22FD7E","http://doi.org/10.5281/zenodo.4595515","FFE1FFFAFFAB220AFFECFFA51C59FFB3","2021","Zootaxa","4941","4","461","462","1","4","2"
"1","BA5287F8FF9DFFFEFF16C76EFC84BF15","http://doi.org/10.5281/zenodo.4694594","466BFF80FF8BFFE9FF81C601FF96BD29","2021","Zootaxa","4950","3","463","464","7","10","1"
"1","03D88782FFA62207FF7BFF321DA8F835","http://doi.org/10.5281/zenodo.4617050","FFE1FFFAFFAB220AFFECFFA51C59FFB3","2021","Zootaxa","4941","4","464","464","1","5","2"
"1","03D88782FFA52204FF7BFF321D4FF847","http://doi.org/10.5281/zenodo.4617054","FFE1FFFAFFAB220AFFECFFA51C59FFB3","2021","Zootaxa","4941","4","465","465","1","5","2"
"1","A11D4862FFF3FF98FF79FF5C8718FCC5","http://doi.org/10.5281/zenodo.4647777","5D24301AFFE6FF80FFEEFFCB8528FF9A","2021","Zootaxa","4949","3","466","469","1","82","1"
"1","A157FD05FFA84B5CFF2FFF2AFEFD2695","http://doi.org/10.5281/zenodo.4546096","5D6E857DFFBD4B45FFB8FFBDFF98266C","2021","Zootaxa","4926","4","472","475","2","20","1"
"1","3660577CFFA5FF82E5B29471FB1CFC17","http://doi.org/10.5281/zenodo.4607480","CA592F04FFA4FF87E5259314FFF6FF96","2021","Zootaxa","4938","4","476","480","12","25","1"
"1","3660577CFFA1FF8EE5B2952BFE6AF847","http://doi.org/10.5281/zenodo.4607484","CA592F04FFA4FF87E5259314FFF6FF96","2021","Zootaxa","4938","4","480","484","14","25","1"
"1","038587F4682DFFF24E8D6615FE5BF9F5","http://doi.org/10.5281/zenodo.4711367","FFBCFF8C6823FFE14E1A672FFFFDFF80","2021","Zootaxa","4958","1","524","529","24","48","3"
"1","038587F46803FFC04E8D6665FD01FC01","http://doi.org/10.5281/zenodo.4711373","FFBCFF8C6823FFE14E1A672FFFFDFF80","2021","Zootaxa","4958","1","542","543","6","28","2"
"1","3011EC32FFB77913FF16ACBCFE79F3AE","http://doi.org/10.5281/zenodo.4670060","CC28944AFFB47915FF81A816FFC6F513","2021","Zootaxa","4948","4","549","552","8","24","1"
"1","261DBB48FF83FFA2758FFF2CFEDEF862","http://doi.org/10.5281/zenodo.4685085","DA24C330FF80FFA77518FFBBFFEBFFDF","2021","Zootaxa","4951","3","562","564","2","12","1"
"1","03BAAE1BFFB2FFA4FF6DFCAA57E1FB0D","http://doi.org/10.5281/zenodo.4727376","FF83D663FFB5FFA3FFFAFFA5535FFFD9","2021","Zootaxa","4965","3","565","565","1","3","1"
"1","0F3DD06B6032FFF1FF477305FD88F9A9","http://doi.org/10.5281/zenodo.4531825","F304A8136034FFFBFFD0745EFFA4FFA0","2021","Zootaxa","4920","4","571","575","38","18","3"
"1","0F3DD06B603EFFF6FF477213FDCCFDB9","http://doi.org/10.5281/zenodo.4531827","F304A8136034FFFBFFD0745EFFA4FFA0","2021","Zootaxa","4920","4","575","578","40","14","2"
"1","03C287B40739FFE64CB8FECDFBA7E0CB","http://doi.org/10.5281/zenodo.4497809","FFFBFFCC0738FFE34C2FFFA2FFF5E75E","2021","Zootaxa","4915","4","576","580","17","24","1"
"1","03A0721BFFB3FF94FF42BC8409CAFD60","http://doi.org/10.5281/zenodo.4546362","FF990A63FFB0FF91FFD5BC130B6FFF91","2021","Zootaxa","4926","4","580","582","2","10","1"
"1","0F3DD06B6024FFE9FF4772FEFED4FE0D","http://doi.org/10.5281/zenodo.4491278","F304A8136034FFFBFFD0745EFFA4FFA0","2021","Zootaxa","4920","4","581","583","14","11","2"
"1","03A0721BFFB5FF96FF42BA54082EFE18","http://doi.org/10.5281/zenodo.4529756","FF990A63FFB0FF91FFD5BC130B6FFF91","2021","Zootaxa","4926","4","582","583","1","10","1"
"1","0F3DD06B6026FFEFFF47731EFD04FB65","http://doi.org/10.5281/zenodo.4531836","F304A8136034FFFBFFD0745EFFA4FFA0","2021","Zootaxa","4920","4","583","585","6","16","2"
"1","03A0721BFFB7FF99FF42BA20090FFEF4","http://doi.org/10.5281/zenodo.4546364","FF990A63FFB0FF91FFD5BC130B6FFF91","2021","Zootaxa","4926","4","584","585","4","2","1"
